<ImportExportXml xmlns:xsi="http://www.w3.org/2001/XMLSchema-instance" OrganizationVersion="9.2.24122.178" OrganizationSchemaType="Standard" CRMServerServiceabilityVersion="9.2.24122.00178">
  <Entities></Entities>
  <Roles></Roles>
  <Workflows>
    <Workflow WorkflowId="{ecac1c3f-0fd8-ef11-a730-00224884f083}" Name="UAUC">
      <JsonFileName>/Workflows/UAUC-ECAC1C3F-0FD8-EF11-A730-00224884F083.json</JsonFileName>
      <Type>1</Type>
      <Subprocess>0</Subprocess>
      <Category>5</Category>
      <Mode>0</Mode>
      <Scope>4</Scope>
      <OnDemand>0</OnDemand>
      <TriggerOnCreate>0</TriggerOnCreate>
      <TriggerOnDelete>0</TriggerOnDelete>
      <AsyncAutodelete>0</AsyncAutodelete>
      <SyncWorkflowLogOnFailure>0</SyncWorkflowLogOnFailure>
      <StateCode>1</StateCode>
      <StatusCode>2</StatusCode>
      <RunAs>1</RunAs>
      <IsTransacted>1</IsTransacted>
      <IntroducedVersion>1.0.0.2</IntroducedVersion>
      <IsCustomizable>1</IsCustomizable>
      <BusinessProcessType>0</BusinessProcessType>
      <IsCustomProcessingStepAllowedForOtherPublishers>1</IsCustomProcessingStepAllowedForOtherPublishers>
      <PrimaryEntity>none</PrimaryEntity>
      <LocalizedNames>
        <LocalizedName languagecode="1033" description="UAUC" />
      </LocalizedNames>
    </Workflow>
  </Workflows>
  <FieldSecurityProfiles></FieldSecurityProfiles>
  <Templates />
  <EntityMaps />
  <EntityRelationships />
  <OrganizationSettings />
  <optionsets />
  <Dashboards>
    <Dashboard>
      <LocalizedNames>
        <LocalizedName description="UAUC" languagecode="1033" />
      </LocalizedNames>
      <FormId>{0544a494-01d8-ef11-a730-00224884f083}</FormId>
      <IsCustomizable>1</IsCustomizable>
      <IsDefault>0</IsDefault>
      <FormXml>
        <forms type="powerbi">
          <form>
            <tabs>
              <tab showlabel="false" verticallayout="true" id="{9b72f697-9158-4499-ab13-d7bd9209473a}">
                <labels>
                  <label description="" languagecode="1033" />
                </labels>
                <columns>
                  <column width="100%">
                    <sections>
                      <section showlabel="false" showbar="false" columns="111" id="{59043fc6-ec0a-4432-a8fd-0264fa4a2297}">
                        <labels>
                          <label description="" languagecode="1033" />
                        </labels>
                        <rows>
                          <row>
                            <cell colspan="3" rowspan="24" showlabel="false" id="{5aa52e27-b14e-4c94-aafc-65503cc51831}" availableforphone="false">
                              <labels>
                                <label description="" languagecode="1033" />
                              </labels>
                              <control id="e2baaa01-d44c-44df-8ffe-be5a57a671ca" classid="{8C54228C-1B25-4909-A12A-F2B968BB0D62}">
                                <parameters>
                                  <PowerBIGroupId>b7378ce4-8723-4e45-b17c-ea3f8cde6ecc</PowerBIGroupId>
                                  <PowerBIDashboardId>eed81b65-cdff-4019-b63e-97f3f833abd5</PowerBIDashboardId>
                                  <TileUrl>https://app.powerbi.com/dashboardEmbed?config=eyJjbHVzdGVyVXJsIjoiaHR0cHM6Ly9XQUJJLVNPVVRILUFGUklDQS1OT1JUSC1BLVBSSU1BUlktcmVkaXJlY3QuYW5hbHlzaXMud2luZG93cy5uZXQiLCJlbWJlZEZlYXR1cmVzIjp7fX0%3D&amp;groupId=b7378ce4-8723-4e45-b17c-ea3f8cde6ecc&amp;dashboardId=eed81b65-cdff-4019-b63e-97f3f833abd5</TileUrl>
                                  <Type>1</Type>
                                </parameters>
                              </control>
                            </cell>
                          </row>
                        </rows>
                      </section>
                    </sections>
                  </column>
                </columns>
              </tab>
            </tabs>
          </form>
        </forms>
      </FormXml>
      <IntroducedVersion>1.0.0.0</IntroducedVersion>
      <IsTabletEnabled>0</IsTabletEnabled>
    </Dashboard>
  </Dashboards>
  <CustomControls />
  <EntityDataProviders />
  <CanvasApps>
    <CanvasApp>
      <Name>fred_hazardreporting_2d185</Name>
      <AppVersion>2025-01-20T14:48:09Z</AppVersion>
      <Status>Ready</Status>
      <CreatedByClientVersion>3.25011.8.0</CreatedByClientVersion>
      <MinClientVersion>3.25011.8.0</MinClientVersion>
      <Tags>{"primaryDeviceWidth":"1366","primaryDeviceHeight":"768","supportsPortrait":"true","supportsLandscape":"true","primaryFormFactor":"Tablet","publisherVersion":"3.25011.8","minimumRequiredApiVersion":"2.2.0","hasComponent":"false","hasUnlockedComponent":"false","isUnifiedRootApp":"false","sienaVersion":"20250120T144809Z-3.25011.8.0","showStatusBar":"false"}</Tags>
      <IsCdsUpgraded>0</IsCdsUpgraded>
      <GalleryItemId xsi:nil="true"></GalleryItemId>
      <BackgroundColor>RGBA(0,176,240,1)</BackgroundColor>
      <DisplayName>Hazard Reporting</DisplayName>
      <Description xsi:nil="true"></Description>
      <CommitMessage xsi:nil="true"></CommitMessage>
      <Publisher xsi:nil="true"></Publisher>
      <AuthorizationReferences>[{"resourceId":"powerbi"}]</AuthorizationReferences>
      <ConnectionReferences>{"bbbd5790-e184-4156-93e4-d0462b08f690":{"id":"/providers/microsoft.powerapps/apis/shared_sharepointonline","displayName":"SharePoint","iconUri":"https://conn-afd-prod-endpoint-bmc9bqahasf3grgk.b01.azurefd.net/releases/v1.0.1723/1.0.1723.3986/sharepointonline/icon.png","dataSources":["UNSAFE ACT AND UNSAFE CONDITION"],"dependencies":[],"dependents":[],"parameterHints":{},"parameterHintsV2":{},"isOnPremiseConnection":false,"bypassConsent":false,"dataSets":{"https://nestoilplc.sharepoint.com/sites/HSE":{"dataSources":{"UNSAFE ACT AND UNSAFE CONDITION":{"tableName":"4a6f2b1e-006f-4cbe-a996-f3d184e7c07e"}}}},"apiTier":"Standard","actions":["providers/PowerPlatform.Governance/Operations/Read","providers/PowerPlatform.Governance/Operations/Write"]}}</ConnectionReferences>
      <DatabaseReferences>{}</DatabaseReferences>
      <AppComponents>[]</AppComponents>
      <AppComponentDependencies>[]</AppComponentDependencies>
      <CanConsumeAppPass>1</CanConsumeAppPass>
      <CanvasAppType>0</CanvasAppType>
      <BypassConsent>0</BypassConsent>
      <AdminControlBypassConsent>0</AdminControlBypassConsent>
      <EmbeddedApp xsi:nil="true"></EmbeddedApp>
      <IntroducedVersion>1.0</IntroducedVersion>
      <CdsDependencies>{"cdsdependencies":[]}</CdsDependencies>
      <IsCustomizable>1</IsCustomizable>
      <BackgroundImageUri>/CanvasApps/fred_hazardreporting_2d185_BackgroundImageUri</BackgroundImageUri>
      <DocumentUri>/CanvasApps/fred_hazardreporting_2d185_DocumentUri.msapp</DocumentUri>
      <AdditionalUris>
        <AdditionalUri>/CanvasApps/fred_hazardreporting_2d185_AdditionalUris0_identity.json</AdditionalUri>
      </AdditionalUris>
    </CanvasApp>
  </CanvasApps>
  <connectionreferences>
    <connectionreference connectionreferencelogicalname="fred_sharedoffice365_d4667">
      <connectionreferencedisplayname>Office 365 Outlook UAUCReport-d4667</connectionreferencedisplayname>
      <connectorid>/providers/Microsoft.PowerApps/apis/shared_office365</connectorid>
      <iscustomizable>1</iscustomizable>
      <promptingbehavior>0</promptingbehavior>
      <statecode>0</statecode>
      <statuscode>1</statuscode>
    </connectionreference>
    <connectionreference connectionreferencelogicalname="fred_sharedoffice365users_29041">
      <connectionreferencedisplayname>Office 365 Users UAUCReport-29041</connectionreferencedisplayname>
      <connectorid>/providers/Microsoft.PowerApps/apis/shared_office365users</connectorid>
      <iscustomizable>1</iscustomizable>
      <promptingbehavior>0</promptingbehavior>
      <statecode>0</statecode>
      <statuscode>1</statuscode>
    </connectionreference>
    <connectionreference connectionreferencelogicalname="fred_sharedsharepointonline_cdf09">
      <connectionreferencedisplayname>SharePoint UAUCReport-cdf09</connectionreferencedisplayname>
      <connectorid>/providers/Microsoft.PowerApps/apis/shared_sharepointonline</connectorid>
      <iscustomizable>1</iscustomizable>
      <promptingbehavior>0</promptingbehavior>
      <statecode>0</statecode>
      <statuscode>1</statuscode>
    </connectionreference>
  </connectionreferences>
  <Languages>
    <Language>1033</Language>
  </Languages>
</ImportExportXml>