{
  "properties": {
    "connectionReferences": {
      "shared_office365": {
        "runtimeSource": "embedded",
        "connection": {
          "connectionReferenceLogicalName": "fred_sharedoffice365_d4667"
        },
        "api": {
          "name": "shared_office365"
        }
      },
      "shared_office365users": {
        "runtimeSource": "embedded",
        "connection": {
          "connectionReferenceLogicalName": "fred_sharedoffice365users_29041"
        },
        "api": {
          "name": "shared_office365users"
        }
      },
      "shared_sharepointonline": {
        "runtimeSource": "embedded",
        "connection": {
          "connectionReferenceLogicalName": "fred_sharedsharepointonline_cdf09"
        },
        "api": {
          "name": "shared_sharepointonline"
        }
      }
    },
    "definition": {
      "$schema": "https://schema.management.azure.com/providers/Microsoft.Logic/schemas/2016-06-01/workflowdefinition.json#",
      "contentVersion": "1.0.0.0",
      "parameters": {
        "$connections": {
          "defaultValue": {},
          "type": "Object"
        },
        "$authentication": {
          "defaultValue": {},
          "type": "SecureObject"
        }
      },
      "triggers": {
        "When_an_item_is_created_or_modified": {
          "recurrence": {
            "interval": 1,
            "frequency": "Minute"
          },
          "splitOn": "@triggerOutputs()?['body/value']",
          "metadata": {
            "operationMetadataId": "3bec35b3-b42c-412e-b486-002d13b3eb81"
          },
          "type": "OpenApiConnection",
          "inputs": {
            "parameters": {
              "dataset": "https://nestoilplc.sharepoint.com/sites/HSE",
              "table": "4a6f2b1e-006f-4cbe-a996-f3d184e7c07e"
            },
            "host": {
              "apiId": "/providers/Microsoft.PowerApps/apis/shared_sharepointonline",
              "connectionName": "shared_sharepointonline",
              "operationId": "GetOnUpdatedItems"
            },
            "authentication": "@parameters('$authentication')"
          }
        }
      },
      "actions": {
        "Send_an_email_(V2)_-_UAUC_Reported": {
          "runAfter": {
            "Send_an_email_(V2)-_Submitted_Successfully": [
              "Succeeded"
            ]
          },
          "metadata": {
            "operationMetadataId": "284403be-01f6-43e2-8a7d-61230ca39b3b"
          },
          "type": "OpenApiConnection",
          "inputs": {
            "host": {
              "apiId": "/providers/Microsoft.PowerApps/apis/shared_office365",
              "connectionName": "shared_office365",
              "operationId": "SendEmailV2"
            },
            "parameters": {
              "emailMessage/To": "@triggerBody()?['ActionParty/Email']",
              "emailMessage/Subject": "UAUC has been Reported by @{triggerBody()?['Author/DisplayName']}",
              "emailMessage/Body": "<p class=\"editor-paragraph\">Hello ,</p><br><p class=\"editor-paragraph\">UAUC has been Reported by @{triggerBody()?['Author/DisplayName']}.<br></p><br><p class=\"editor-paragraph\">UA/UC: @{triggerBody()?['Title']}<br><br>Status: @{triggerBody()?['Close_x002d_OutStatus/Value']}<br><br>Action Party: @{triggerBody()?['ActionParty/DisplayName']}<br><br>SBU: @{triggerBody()?['SBU/Value']}<br><br>Location: @{triggerBody()?['Location/Value']}<br><br>Observed By: @{triggerBody()?['ObservedBy/Value']}<br></p><br><p class=\"editor-paragraph\">Regards<br>HSE Team</p><br>",
              "emailMessage/Importance": "Normal"
            },
            "authentication": "@parameters('$authentication')"
          }
        },
        "Send_an_email_(V2)-_Submitted_Successfully": {
          "runAfter": {
            "Get_my_profile_(V2)": [
              "Succeeded"
            ]
          },
          "metadata": {
            "operationMetadataId": "7c25e534-f7e7-469c-ab66-3c7451a95229"
          },
          "type": "OpenApiConnection",
          "inputs": {
            "host": {
              "apiId": "/providers/Microsoft.PowerApps/apis/shared_office365",
              "connectionName": "shared_office365",
              "operationId": "SendEmailV2"
            },
            "parameters": {
              "emailMessage/To": "@outputs('Get_my_profile_(V2)')?['body/mail']",
              "emailMessage/Subject": "Your UAUC has been Submitted Successfully",
              "emailMessage/Body": "<p class=\"editor-paragraph\">Hello @{triggerBody()?['Author/DisplayName']},</p><br><p class=\"editor-paragraph\">Thanks, Your UAUC Reporting was successfull.<br><br>Your Observations has helped to save a potential/future incidence.</p><br><br><p class=\"editor-paragraph\"><br>Regards<br>HSE Team</p>",
              "emailMessage/Importance": "Normal"
            },
            "authentication": "@parameters('$authentication')"
          }
        },
        "Condition": {
          "actions": {
            "Send_an_email_(V2)-_UAUC_Closed": {
              "runAfter": {},
              "metadata": {
                "operationMetadataId": "a6f3789d-c89f-4009-b6d0-3bc7ab168847"
              },
              "type": "OpenApiConnection",
              "inputs": {
                "host": {
                  "apiId": "/providers/Microsoft.PowerApps/apis/shared_office365",
                  "connectionName": "shared_office365",
                  "operationId": "SendEmailV2"
                },
                "parameters": {
                  "emailMessage/To": "@triggerBody()?['Author/Email']",
                  "emailMessage/Subject": "UAUC has been @{triggerBody()?['Close_x002d_OutStatus/Value']}",
                  "emailMessage/Body": "<p class=\"editor-paragraph\">Hello @{triggerBody()?['Author/DisplayName']},</p><br><p class=\"editor-paragraph\">Your UAUC Reporting on @{triggerBody()?['Title']} has been @{triggerBody()?['Close_x002d_OutStatus/Value']}.<br><br></p><br><p class=\"editor-paragraph\">Immediate corrective Action taken: @{triggerBody()?['ImmediateCorrectiveActionTaken_x']}<br><br>Status: @{triggerBody()?['Close_x002d_OutStatus/Value']}<br><br>Action Party: @{triggerBody()?['ActionParty/DisplayName']}<br><br>SBU: @{triggerBody()?['SBU/Value']}<br><br>Location: @{triggerBody()?['Location/Value']}<br><br></p><br><p class=\"editor-paragraph\">Regards<br>HSE Team</p><br>",
                  "emailMessage/Importance": "Normal"
                },
                "authentication": "@parameters('$authentication')"
              }
            }
          },
          "runAfter": {
            "Send_an_email_(V2)_-_UAUC_Reported": [
              "Succeeded"
            ]
          },
          "expression": {
            "and": [
              {
                "equals": [
                  "@triggerBody()?['Close_x002d_OutStatus/Value']",
                  "Closed"
                ]
              }
            ]
          },
          "metadata": {
            "operationMetadataId": "05d8886c-dfa5-4598-a9a4-5ae92ff203dc"
          },
          "type": "If"
        },
        "Get_my_profile_(V2)": {
          "runAfter": {},
          "metadata": {
            "operationMetadataId": "2767711e-f5fb-4169-b122-f3b53d512fc1"
          },
          "type": "OpenApiConnection",
          "inputs": {
            "host": {
              "apiId": "/providers/Microsoft.PowerApps/apis/shared_office365users",
              "connectionName": "shared_office365users",
              "operationId": "MyProfile_V2"
            },
            "parameters": {},
            "authentication": "@parameters('$authentication')"
          }
        }
      },
      "outputs": {}
    },
    "templateName": null
  },
  "schemaVersion": "1.0.0.0"
}